timestamp,scenario,workers,requests,instances,base_url,p50_ms,p95_ms,p99_ms,mean_ms,errors,throughput_rps
2026-10-05T18:46:21Z,login,10,200,0,http://localhost:8080,82.275,145.501,179.771,91.838,0,107.14
2026-10-05T18:46:26Z,transaction,10,100,0,http://localhost:8080,3.925,13.086,14.365,4.991,0,1936.58
2026-10-05T18:46:27Z,monthly,5,50,0,http://localhost:8080,1.944,6.170,6.424,2.356,0,1876.03
2026-10-05T18:46:41Z,login,20,400,0,http://localhost:8080,136.497,232.843,271.792,143.433,0,130.29
2026-10-05T18:59:54Z,login,20,500,1,http://localhost:8080,150.458,286.248,371.947,166.686,0,116.03
2026-10-05T19:00:02Z,transaction,20,500,1,http://localhost:8080,43.976,295.855,350.669,76.059,0,258.95
2026-10-05T19:00:09Z,monthly,20,500,1,http://localhost:8080,11.662,52.954,64.238,16.411,0,1162.16
2026-10-05T19:00:34Z,login,20,500,2,http://localhost:8080,219.220,615.164,807.341,264.197,0,72.30
2026-10-05T19:00:37Z,transaction,20,500,2,http://localhost:8080,10.993,24.563,48.427,12.549,0,1524.70
2026-10-05T19:00:38Z,monthly,20,500,2,http://localhost:8080,8.616,18.084,25.380,9.100,0,2104.98
2026-10-05T19:01:01Z,login,20,500,3,http://localhost:8080,172.873,444.144,625.449,201.732,0,93.73
2026-10-05T19:01:02Z,transaction,20,500,3,http://localhost:8080,10.166,30.904,42.739,12.486,0,1520.47
2026-10-05T19:01:04Z,monthly,20,500,3,http://localhost:8080,8.294,22.002,72.230,10.799,0,1815.01
